slNo,lat,lng,temper,cloud,speed,hum,city
0,35.69,139.69,72.91,75,10.29,94,Tokyo
1,40.71,-74.01,74.17,90,12.75,69,New York
2,19.43,-99.13,69.39,75,6.46,46,Mexico City
3,19.01,72.85,84.2,75,10.29,79,Mumbai
4,-23.55,-46.64,91.6,0,4.7,19,Sao Paulo
5,28.67,77.22,87.48,40,2.93,79,Delhi
6,31.22,121.46,74.93,99,2.24,88,Shanghai
7,22.57,88.37,86.0,40,4.7,94,Kolkata
8,34.05,-118.24,77.45,1,6.64,53,Los Angeles
9,23.71,90.41,82.4,75,4.7,74,Dhaka
10,-34.61,-58.38,65.44,0,4.7,72,Buenos Aires
11,24.91,67.08,84.2,40,8.61,66,Karachi
12,30.06,31.25,85.08,0,18.34,62,Cairo
13,-22.9,-43.21,83.21,0,16.11,65,Rio de Janeiro
14,34.69,135.5,72.0,67,12.75,73,Osaka
15,39.91,116.4,73.6,100,3.51,81,Beijing
16,14.6,120.98,82.69,20,2.24,83,Manila
17,55.75,37.62,57.85,95,15.66,72,Moscow
18,41.04,28.98,74.62,40,13.87,78,Istanbul
19,48.85,2.35,72.34,0,2.24,37,Paris
20,37.57,126.98,63.86,1,3.31,93,Seoul
21,6.58,3.75,82.4,20,4.7,69,Lagos
22,-6.21,106.85,80.83,20,4.7,69,Jakarta
23,23.12,113.25,81.99,100,4.47,88,Guangzhou
24,41.85,-87.65,71.94,75,9.17,53,Chicago
25,51.51,-0.13,68.76,0,8.05,60,London
26,-12.04,-77.03,62.6,90,8.05,77,Lima
27,35.69,51.42,78.33,20,6.93,21,Tehran
28,-4.32,15.32,81.34,1,10.29,65,Kinshasa
29,4.61,-74.08,66.2,40,16.11,48,Bogota
30,22.55,114.07,82.85,40,6.71,83,Shenzhen
31,30.58,114.27,73.4,40,6.71,88,Wuhan
32,22.29,114.16,81.28,40,9.17,79,Hong Kong
33,39.14,117.18,69.8,86,4.47,83,Tianjin
34,13.09,80.28,77.0,75,2.24,94,Chennai
35,25.05,121.53,79.72,40,5.82,88,Taipei
36,12.98,77.6,69.8,90,5.82,100,Bengaluru
37,13.75,100.52,83.77,93,8.9,77,Bangkok
38,31.55,74.34,84.2,0,5.03,66,Lahore
39,29.56,106.55,67.19,90,8.95,100,Chongqing
40,25.77,-80.19,86.4,90,13.87,74,Miami
41,17.38,78.47,74.57,90,8.05,94,Hyderabad
42,32.77,-96.78,86.2,75,6.93,58,Dallas
43,-33.46,-70.65,70.21,0,5.82,26,Santiago
44,39.95,-75.16,77.72,75,5.82,65,Philadelphia
45,-19.92,-43.94,84.2,0,9.17,23,Belo Horizonte
46,40.42,-3.7,84.22,80,5.82,26,Madrid
47,29.76,-95.36,90.86,40,12.75,55,Houston
48,23.03,72.62,80.6,75,8.43,94,Ahmadabad
49,10.75,106.67,77.0,75,2.24,94,Ho Chi Minh City
50,47.5,-120.5,63.72,90,4.7,55,Washington
51,33.75,-84.39,81.91,75,6.93,61,Atlanta
52,43.7,-79.42,75.27,40,16.11,61,Toronto
53,1.29,103.85,76.39,75,9.66,94,Singapore
54,-8.84,13.23,73.4,75,6.93,88,Luanda
55,33.34,44.4,93.2,0,9.17,18,Baghdad
56,41.39,2.16,77.59,0,2.24,61,Barcelona
57,22.59,88.31,86.0,40,4.7,94,Haora
58,41.79,123.43,55.4,0,2.24,100,Shenyang
59,15.55,32.53,86.0,0,3.36,51,Khartoum
60,18.52,73.86,71.53,100,5.28,88,Pune
61,42.36,-71.06,74.14,40,6.93,64,Boston
62,-33.87,151.21,54.57,0,6.93,76,Sydney
63,59.89,30.26,56.1,40,20.13,66,Saint Petersburg
64,22.92,91.5,77.0,100,5.23,93,Chittagong
65,23.05,113.74,83.17,40,6.71,83,Dongguan
66,24.69,46.72,93.2,6,2.24,18,Riyadh
67,21.02,105.84,80.6,75,3.36,88,Hanoi
68,20.67,-103.33,75.33,40,5.82,60,Guadalajara
69,28.08,-80.61,85.69,40,11.41,79,Melbourne
70,31.22,29.96,80.6,20,4.7,74,Alexandria
71,30.67,104.07,69.8,40,4.47,94,Chengdu
72,16.81,96.16,80.6,20,3.36,94,Rangoon
73,33.45,-112.07,95.5,0,5.01,22,Phoenix
74,34.26,108.93,71.55,40,6.71,100,Xi'an
75,-30.03,-51.23,71.6,75,4.7,88,Porto Alegre
76,21.17,72.83,81.07,100,7.65,83,Surat
77,24.7,107.87,73.72,100,1.01,92,Hechi
78,5.31,-4.02,77.0,40,9.17,94,Abidjan
79,-15.78,-47.93,84.11,36,12.75,25,Brasilia
80,39.92,32.85,74.71,20,5.59,53,Ankara
81,25.67,-100.32,82.4,40,4.18,51,Monterrey
82,35.45,139.64,72.32,75,10.29,94,Yokohama
83,32.06,118.78,72.95,93,4.47,100,Nanjing
84,45.51,-73.59,60.69,90,14.99,93,Montreal
85,26.58,106.72,62.6,90,8.95,100,Guiyang
86,-8.05,-34.88,82.4,40,13.87,61,Recife
87,47.61,-122.33,56.8,90,3.83,77,Seattle
88,45.75,126.65,51.8,58,2.24,100,Harbin
89,37.77,-122.42,58.69,90,10.29,77,San Francisco
90,-3.72,-38.52,82.4,20,19.46,62,Fortaleza
91,24.51,117.66,78.8,100,6.71,74,Zhangzhou
92,42.33,-83.05,75.69,75,13.87,50,Detroit
93,13.83,-88.92,84.2,40,5.82,70,Salvador
94,35.1,129.04,68.0,40,3.36,82,Busan
95,-26.2,28.04,63.46,0,2.24,30,Johannesburg
96,52.52,13.41,67.17,81,2.24,60,Berlin
97,36.75,3.04,77.0,40,12.75,78,Algiers
98,34.26,-85.16,87.22,20,6.93,48,Rome
99,39.03,125.75,61.09,14,4.68,95,Pyongyang
100,6.25,-75.56,76.86,40,16.11,33,Medellin
101,34.5,69.42,69.8,0,5.82,46,Kabul
102,37.98,23.72,77.29,20,9.17,57,Athens
103,35.18,136.91,72.68,20,19.46,69,Nagoya
104,-33.93,18.42,55.17,99,3.0,81,Cape Town
105,32.72,-117.16,77.02,75,5.82,69,San Diego
106,43.88,125.32,51.8,0,4.47,93,Changchun
107,33.59,-7.62,74.93,40,11.41,78,Casablanca
108,38.91,121.6,64.4,3,4.47,93,Dalian
109,12.0,8.52,78.8,20,5.82,88,Kano
110,32.08,34.78,82.13,20,6.93,69,Tel Aviv-Yafo
111,9.03,38.75,60.8,40,4.7,82,Addis Ababa
112,-25.5,-49.29,88.81,6,10.29,27,Curitiba
113,36.79,118.06,70.0,100,0.92,79,Zibo
114,21.52,39.22,91.4,0,6.93,75,Jeddah
115,-1.28,36.82,68.22,75,9.17,49,Nairobi
116,30.29,120.16,72.75,100,2.24,88,Hangzhou
117,-26.19,28.32,60.01,0,3.24,54,Benoni
118,10.49,-66.88,85.01,40,11.41,75,Caracas
119,45.46,9.19,80.15,0,1.12,69,Milan
120,48.78,9.18,71.8,54,3.36,56,Stuttgart
121,25.04,102.72,64.36,90,6.71,100,Kunming
122,-6.82,39.27,77.0,20,6.93,83,Dar es Salaam
123,44.98,-93.26,68.52,20,5.82,68,Minneapolis
124,26.92,75.82,86.0,40,3.56,62,Jaipur
125,37.87,112.56,66.2,40,4.47,72,Taiyuan
126,50.12,8.68,73.72,100,1.12,46,Frankfurt
127,36.1,120.37,69.04,53,2.55,93,Qingdao
128,-7.25,112.75,79.68,100,5.08,69,Surabaya
129,38.72,-9.13,72.54,20,10.29,73,Lisbon
130,27.95,-82.46,77.49,90,17.22,83,Tampa
131,36.67,117.0,75.99,100,1.48,69,Jinan
132,33.61,130.42,65.79,100,3.36,88,Fukuoka
133,-22.91,-47.06,94.55,0,8.05,17,Campinas
134,39.74,-104.98,80.1,20,5.82,14,Denver
135,22.62,120.31,80.8,40,4.7,88,Kaohsiung
136,14.63,121.03,82.69,20,2.24,83,Quezon City
137,50.26,19.03,65.8,49,1.9,99,Katowice
138,36.25,37.5,75.27,0,12.55,53,Aleppo
139,-29.86,31.03,78.8,0,12.75,53,Durban
140,50.43,30.52,65.55,89,4.47,68,Kyiv
141,26.85,80.92,86.0,75,6.2,89,Lucknow
142,30.01,31.21,85.08,0,18.34,62,Giza
143,34.76,113.65,69.8,67,2.24,83,Zhengzhou
144,24.15,120.68,78.78,75,5.82,94,Taichung
145,40.65,-73.95,74.17,90,12.75,69,Brooklyn
146,7.39,3.9,71.98,88,1.12,94,Ibadan
147,31.42,73.08,87.55,0,5.99,33,Faisalabad
148,26.06,119.31,77.0,75,4.47,78,Fuzhou
149,28.2,112.97,71.6,100,6.71,88,Changsha
150,14.69,-17.44,82.4,40,10.29,78,Dakar
151,38.46,27.09,80.6,0,16.11,54,Izmir
152,27.85,112.9,71.6,100,6.71,88,Xiangtan
153,36.06,103.79,54.0,30,1.9,89,Lanzhou
154,37.45,126.42,63.59,0,4.7,77,Incheon
155,43.06,141.35,57.0,100,3.0,88,Sapporo
156,24.48,118.08,78.8,95,6.71,74,Xiamen
157,-2.17,-79.9,86.0,75,9.17,55,Guayaquil
158,5.41,100.34,78.4,20,3.36,88,George Town
159,36.3,59.61,68.0,0,6.93,35,Mashhad
160,33.51,36.29,77.0,0,8.05,33,Damascus
161,35.8,128.55,68.0,75,1.12,82,Daegu
162,21.15,79.1,75.2,75,2.24,83,Nagpur
163,40.76,120.85,63.75,100,2.08,83,Lianshan
164,38.04,114.48,69.8,100,2.24,83,Shijiazhuang
165,34.0,9.0,82.4,75,5.82,45,Tunis
166,48.21,16.37,70.88,51,2.24,60,Vienna
167,43.0,126.0,49.69,0,1.03,90,Jilin
168,15.64,32.48,86.0,4,3.36,51,Omdurman
169,-6.9,107.62,67.95,28,2.24,86,Bandung
170,-6.23,106.99,80.87,20,4.7,69,Bekasi
171,49.49,8.46,75.78,13,3.09,44,Mannheim
172,28.68,115.88,70.59,100,3.06,82,Nanchang
173,28.0,120.67,73.0,100,0.63,81,Wenzhou
174,40.75,-73.8,74.44,75,13.87,64,Queens
175,49.25,-123.12,57.24,90,6.93,87,Vancouver
176,33.52,-86.8,86.97,40,10.29,58,Birmingham
177,3.44,-76.52,86.0,40,4.7,51,Cali
178,40.83,14.25,84.33,0,9.17,33,Naples
179,38.27,140.87,64.99,100,9.26,96,Sendai
180,53.48,-2.24,68.29,0,6.93,68,Manchester
181,18.83,-98.0,71.29,75,6.93,52,Puebla
182,32.88,13.19,79.61,0,9.28,68,Tripoli
183,41.26,69.22,62.6,0,6.93,51,Tashkent
184,23.13,-82.38,80.31,75,3.36,100,Havana
185,30.78,106.1,67.21,100,2.24,93,Gaoping
186,39.29,-76.61,79.07,75,5.82,57,Baltimore
187,22.82,108.32,77.0,71,4.47,94,Nanning
188,-1.46,-48.5,86.0,75,12.75,70,Belem
189,25.6,85.12,78.8,40,4.7,88,Patna
190,18.5,-69.99,89.13,40,11.41,59,Santo Domingo
191,43.8,87.6,60.8,7,2.24,41,Urumqi
192,34.86,117.55,65.77,100,3.78,93,Zaozhuang
193,40.38,49.89,68.0,0,4.7,72,Baku
194,5.56,-0.2,77.0,40,5.82,78,Accra
195,37.53,121.4,66.36,83,4.34,82,Yantai
196,3.58,98.67,73.85,92,2.37,84,Medan
197,-17.8,-63.17,93.88,20,20.8,46,Santa Cruz
198,34.18,117.16,67.87,100,3.87,89,Tongshan
199,33.73,-116.05,92.55,0,3.0,14,Riverside
200,35.06,118.34,64.38,100,1.36,92,Linyi
201,38.63,-90.2,75.47,1,5.82,60,St. Louis
202,36.17,-115.14,90.86,1,4.7,7,Las Vegas
203,10.63,-71.64,90.39,100,3.29,59,Maracaibo
204,29.37,47.98,91.4,0,3.36,22,Kuwait City
205,26.43,50.1,89.6,0,4.7,40,Ad Dammam
206,45.52,-122.68,53.08,90,2.39,100,Portland
207,20.05,110.34,78.8,20,4.47,94,Haikou
208,34.4,132.46,64.98,20,5.82,77,Hiroshima
209,40.65,109.82,58.8,13,4.14,38,Baotou
210,31.86,117.28,71.6,86,6.71,100,Hefei
211,22.72,75.83,75.2,75,3.36,100,Indore
212,-16.68,-49.25,89.6,0,10.29,21,Goiania
213,15.35,44.21,71.13,15,9.75,22,Sanaa
214,29.42,-98.49,90.21,1,12.75,46,San Antonio
215,18.54,-72.33,86.2,79,5.26,63,Port-au-Prince
216,20.86,106.68,82.4,11,5.82,88,Haiphong
217,31.31,120.62,75.0,46,3.47,82,Suzhou
218,32.99,112.53,68.56,100,2.84,79,Nanyang
219,44.43,26.11,75.74,38,1.99,53,Bucharest
220,29.88,121.55,76.87,100,2.24,88,Ningbo
221,4.05,9.7,77.0,75,1.12,100,Douala
222,39.63,118.18,64.58,88,1.41,82,Tangshan
223,22.99,120.21,79.3,75,3.36,88,Tainan
224,25.6,103.8,62.38,100,3.44,92,Xiping
225,-25.3,-57.64,98.6,40,11.41,25,Asuncion
226,34.74,72.35,69.89,0,5.64,61,Saidu Sharif
227,-27.47,153.03,57.24,20,8.05,93,Brisbane
228,33.6,73.07,80.74,0,5.26,88,Rawalpindi
229,38.47,-121.32,73.35,5,3.36,46,Sacramento
230,33.89,35.49,76.64,20,2.24,69,Beirut
231,37.34,-121.89,67.59,90,4.7,77,San Jose
232,53.9,27.57,59.0,100,8.95,62,Minsk
233,35.02,135.75,69.78,4,5.41,79,Kyoto
234,10.96,-74.8,80.6,75,11.41,78,Barranquilla
235,28.54,-81.38,85.41,40,16.11,79,Orlando
236,39.33,-0.83,78.82,100,1.01,66,Valencia
237,53.55,10.0,67.24,9,5.82,68,Hamburg
238,22.3,73.2,80.78,100,12.33,84,Vadodara
239,-3.1,-60.02,81.55,40,3.36,70,Manaus
240,34.45,115.65,68.16,96,5.44,91,Shangqiu
241,31.57,120.29,74.91,43,6.46,70,Wuxi
242,-2.92,104.75,76.01,99,1.81,88,Palembang
243,50.85,4.35,66.2,40,1.12,60,Brussels
244,51.45,7.02,69.55,66,0.45,75,Essen
245,41.5,-81.7,73.56,20,16.11,69,Cleveland
246,23.27,77.4,78.8,75,4.7,94,Bhopal
247,40.81,111.65,48.2,68,4.47,81,Hohhot
248,40.44,-80.0,73.18,90,8.05,94,Pittsburgh
249,34.68,112.45,73.0,56,1.99,99,Luoyang
250,-23.96,-46.33,75.0,11,5.01,83,Santos
251,30.65,113.1,66.43,100,5.79,96,Jingling
252,52.23,21.01,63.57,94,5.82,72,Warsaw
253,33.99,-6.84,72.54,40,5.82,83,Rabat
254,-20.32,-40.34,79.84,0,18.34,65,Vitoria
255,-0.23,-78.52,73.4,40,8.05,28,Quito
256,-18.91,47.54,60.8,20,10.29,77,Antananarivo
257,11.0,76.97,73.4,75,6.93,94,Coimbatore
258,46.58,125.0,54.45,0,3.83,88,Daqing
259,31.76,116.49,69.73,99,0.29,84,Lu'an
260,25.59,116.38,70.7,93,1.32,92,Sanzhou
261,47.5,19.04,69.4,100,1.12,68,Budapest
262,45.13,7.37,75.06,2,1.01,73,Turin
263,31.31,120.62,75.0,46,3.47,82,Suzhou
264,30.9,75.85,79.29,0,2.93,60,Ludhiana
265,39.16,-84.46,80.89,40,5.82,61,Cincinnati
266,6.69,-1.62,75.11,100,1.05,88,Kumasi
267,40.78,-73.97,74.28,90,6.93,73,Manhattan
268,47.34,123.97,52.39,66,0.78,78,Qiqihar
269,41.12,122.99,58.96,0,2.08,92,Anshan
270,30.27,-97.74,88.79,75,6.93,55,Austin
271,30.13,103.06,61.74,100,0.83,94,Zhongli
272,36.6,114.47,69.08,90,0.96,70,Handan
273,36.2,117.08,75.99,100,2.86,69,Tai'an
274,32.66,51.68,71.6,0,4.7,21,Esfahan
275,39.1,-94.58,74.25,1,8.05,53,Kansas City
276,3.87,11.52,73.4,75,8.05,88,Yaounde
277,23.37,116.71,78.8,40,4.47,88,Shantou
278,27.18,78.02,86.0,75,2.24,79,Agra
279,21.28,110.34,77.34,99,7.11,91,Zhanjiang
280,-16.5,-68.15,55.4,75,16.11,47,La Paz
281,19.25,73.15,84.2,75,10.29,79,Kalyan
282,9.06,7.49,78.8,40,3.36,83,Abuja
283,-17.83,31.05,59.4,54,7.09,68,Harare
284,39.77,-86.16,78.12,40,9.17,54,Indianapolis
285,30.38,113.4,66.33,100,6.58,96,Xiantao
286,22.81,89.57,80.56,39,5.1,90,Khulna
287,36.71,119.1,64.04,56,2.1,89,Weifang
288,32.53,-117.02,76.89,90,3.36,57,Tijuana
289,-33.46,-70.65,70.21,0,5.82,26,Santiago
290,32.12,114.07,70.59,100,1.41,75,Xinyang
291,28.87,105.44,69.04,100,1.83,95,Luzhou
292,-31.93,115.83,58.41,99,5.82,51,Perth
293,19.29,-99.67,71.31,75,5.01,46,Toluca
294,17.69,83.21,80.6,40,6.93,94,Vishakhapatnam
295,53.8,-1.55,67.51,0,11.41,68,Leeds
296,34.69,135.18,72.0,17,12.75,73,Kobe
297,39.96,-83.0,79.3,75,9.17,65,Columbus
298,30.2,71.48,89.6,0,4.7,70,Multan
299,9.94,76.26,77.0,75,4.7,100,Kochi
300,-34.83,-56.17,63.66,40,11.41,63,Montevideo
301,32.16,74.19,84.2,0,3.09,79,Gujranwala
302,-22.88,-43.1,83.19,0,16.11,65,Niteroi
303,28.82,115.43,69.82,100,1.41,84,Ganzhou
304,43.77,11.25,81.61,0,6.93,35,Florence
305,24.31,109.39,73.29,89,4.97,84,Liuzhou
306,12.65,-8.0,78.8,20,4.7,83,Bamako
307,9.54,-13.68,75.2,75,14.32,100,Conakry
308,40.17,29.08,73.4,40,5.82,78,Bursa
309,36.85,-75.98,77.81,90,5.82,74,Virginia Beach
310,19.98,73.8,72.12,100,8.01,90,Nasik
311,41.86,123.92,55.4,7,2.24,100,Fushun
312,29.05,111.68,65.32,100,3.13,97,Changde
313,36.33,127.42,60.8,1,2.24,100,Daejeon
314,35.23,-80.84,83.97,40,4.7,58,Charlotte
315,11.56,104.92,78.8,40,1.12,94,Phnom Penh
316,29.58,105.06,67.82,100,3.11,96,Neijiang
317,24.91,118.59,78.8,37,6.71,74,Quanzhou
318,50.0,36.25,62.29,100,2.24,33,Kharkiv
319,40.83,-73.92,74.41,90,6.93,73,Bronx
320,6.14,1.21,78.8,20,8.05,74,Lome
321,-31.41,-64.18,71.58,0,20.8,18,Cordoba
322,32.63,117.0,68.54,75,3.87,86,Huainan
323,25.29,51.53,91.53,0,2.24,67,Doha
324,3.14,101.69,80.29,20,0.89,88,Kuala Lumpur
325,-25.97,32.59,71.55,0,14.99,78,Maputo
326,10.52,7.44,73.74,88,0.76,81,Kaduna
327,35.15,126.92,66.2,17,4.7,100,Gwangju
328,13.69,-89.19,83.57,40,5.82,70,San Salvador
329,30.51,105.57,67.59,100,2.53,93,Suining
330,45.75,4.58,78.21,0,3.36,47,Lyon
331,35.84,51.01,75.99,0,16.11,56,Karaj
332,0.32,32.58,73.4,20,1.14,73,Kampala
333,38.08,46.29,75.2,20,11.41,38,Tabriz
334,52.08,4.3,66.0,58,3.36,77,The Hague
335,6.81,125.71,77.0,40,1.12,100,Davao
336,43.33,5.5,78.82,0,3.36,61,Marseille
337,28.98,77.7,84.24,0,2.28,59,Meerut
338,31.46,104.75,63.97,21,1.39,93,Mianyang
339,-6.99,110.42,75.22,85,4.03,73,Semarang
340,28.43,77.32,87.58,40,2.91,79,Faridabad
341,55.04,82.93,44.6,99,5.75,93,Novosibirsk
342,21.43,39.83,89.71,4,3.94,38,Mecca
343,25.26,55.3,96.53,100,5.82,34,Dubai
344,43.0,-87.97,65.71,90,10.29,63,Milwaukee
345,-36.87,174.77,55.9,61,14.99,66,Auckland
346,31.7,118.5,72.84,99,4.47,100,Ma'anshan
347,-4.27,15.28,80.91,1,10.29,65,Brazzaville
348,28.59,112.33,65.53,100,5.75,97,Yiyang
349,25.33,83.0,80.6,90,3.36,94,Varanasi
350,-11.66,27.48,66.85,17,2.21,39,Lubumbashi
351,31.73,-106.48,79.84,90,9.17,26,Juarez
352,28.67,77.43,87.57,40,2.86,79,Ghaziabad
353,-25.74,28.19,63.84,0,2.01,47,Pretoria
354,35.24,115.44,67.96,100,3.29,87,Heze
355,41.15,-8.61,75.45,100,5.82,64,Porto
356,23.68,86.98,81.68,100,7.2,82,Asansol
357,-15.41,28.29,71.6,17,6.93,49,Lusaka
358,31.78,119.97,73.33,59,4.38,85,Changzhou
359,36.34,43.12,88.9,0,5.37,12,Mosul
360,56.86,60.61,41.0,59,4.47,100,Yekaterinburg
361,34.01,71.58,84.2,20,4.7,70,Peshawar
362,21.97,96.08,78.94,100,3.78,83,Mandalay
363,22.8,86.18,80.29,100,3.87,83,Jamshedpur
364,-6.15,23.6,81.75,12,3.85,39,Mbuji-Mayi
365,-7.15,108.38,66.97,68,3.22,95,Madura
366,36.98,35.29,80.6,0,3.36,74,Adana
367,53.38,-1.47,68.02,0,5.01,70,Sheffield
368,23.17,79.95,77.54,99,4.18,87,Jabalpur
369,37.34,-121.89,67.59,90,4.7,77,San Jose
370,8.99,-79.52,86.5,20,8.05,74,Panama City
371,56.33,44.0,59.61,90,6.71,87,Nizhniy Novgorod
372,42.27,118.96,60.67,100,1.7,81,Chifeng
373,51.43,6.75,67.39,76,3.36,72,Duisburg
374,48.14,11.58,65.98,32,5.61,76,Munich
375,33.59,119.02,66.07,82,3.96,93,Huaiyin
376,59.33,18.06,56.64,75,11.41,82,Stockholm
377,-5.14,119.42,75.2,20,4.7,83,Makassar
378,22.3,70.78,82.0,100,9.01,10,Rajkot
379,23.8,86.45,80.62,94,7.23,82,Dhanbad
380,44.58,129.6,52.0,100,3.2,91,Mudanjiang
381,41.89,-88.31,71.85,20,11.41,53,Geneva
382,29.6,52.54,84.2,20,9.17,12,Shiraz
383,30.87,120.09,72.18,100,2.84,82,Huzhou
384,34.57,105.89,62.13,100,1.25,84,Beidao
385,51.22,6.78,66.51,36,3.36,72,Dusseldorf
386,21.94,110.85,76.15,87,4.32,91,Gaozhou
387,37.38,-5.98,85.91,75,14.99,43,Sevilla
388,31.63,74.87,84.2,0,4.56,79,Amritsar
389,-20.33,-40.29,79.86,0,18.34,65,Vila Velha
390,-20.33,-40.29,79.86,0,18.34,65,Vila Velha
391,43.25,76.95,55.4,20,4.47,58,Almaty
392,41.82,-71.41,73.35,40,12.75,56,Providence
393,18.0,79.58,77.59,100,5.17,87,Warangal
394,-32.95,-60.64,75.2,0,14.99,29,Rosario
395,25.45,81.85,85.21,100,4.61,64,Allahabad
396,6.33,5.63,73.89,100,3.51,96,Benin City
397,35.41,116.58,66.78,93,5.1,94,Jining
398,-9.67,-35.74,82.4,40,13.87,58,Maceio
399,42.7,23.32,74.55,59,6.93,41,Sofia
400,34.15,73.21,82.99,0,5.39,70,Abbottabad
401,32.12,20.07,83.44,0,20.4,45,Benghazi
402,50.09,14.42,71.28,30,2.24,60,Prague
403,55.87,-4.26,63.84,75,16.11,77,Glasgow
404,29.56,103.76,67.42,100,1.7,91,Leshan
405,30.33,-81.66,80.29,75,5.82,88,Jacksonville
406,12.36,-1.54,78.8,20,8.05,69,Ouagadougou
407,45.41,-75.7,62.46,90,13.87,100,Ottawa
408,-34.93,138.6,51.49,90,5.82,93,Adelaide
409,28.45,117.97,68.63,100,2.44,93,Shangrao
410,25.55,-103.43,75.02,90,11.41,57,Torreon
411,34.08,74.82,62.62,0,1.03,50,Srinagar
412,53.0,50.0,57.2,100,8.95,62,Samara
413,55.0,73.4,55.4,75,2.24,50,Omsk
414,-32.93,151.78,57.96,75,5.82,82,Newcastle
415,22.63,110.15,75.99,100,1.86,92,Yulin
416,34.34,108.7,70.84,40,6.71,100,Xianyang
417,8.48,124.65,75.0,63,7.0,93,Cagayan de Oro
418,10.03,105.78,77.0,40,2.24,100,Can Tho
419,10.07,-69.32,91.4,20,13.87,38,Barquisimeto
420,60.17,24.94,52.29,0,8.05,76,Helsinki
421,55.79,49.12,53.6,100,8.95,66,Kazan'
422,19.88,75.33,75.2,75,6.93,88,Aurangabad
423,51.05,-114.09,54.81,90,6.93,58,Calgary
424,19.41,-99.03,69.42,75,6.2,46,Ciudad Nezahualcoyotl
425,47.37,8.55,68.41,0,2.24,68,Zurich
426,38.85,115.49,66.18,100,2.84,81,Baoding
427,29.34,104.78,68.41,100,2.98,93,Zigong
428,25.36,55.4,94.8,100,2.24,36,Sharjah
429,40.18,44.51,78.8,0,10.29,34,Yerevan
430,2.04,45.34,79.14,96,16.69,80,Mogadishu
431,41.69,44.83,77.0,75,6.93,61,Tbilisi
432,32.68,109.02,66.69,100,0.07,88,Ankang
433,-12.78,15.74,62.94,0,4.47,29,Huambo
434,7.49,5.23,71.87,99,2.71,92,Ikare
435,44.8,20.47,74.52,7,2.24,47,Belgrade
436,40.76,-111.89,80.22,20,4.7,16,Salt Lake City
437,21.22,81.43,78.96,79,4.9,82,Bhilai
438,29.11,119.65,68.58,95,0.81,91,Jinhua
439,55.15,61.43,44.6,69,4.47,87,Chelyabinsk
440,-5.79,-35.21,82.4,40,21.92,58,Natal
441,38.56,68.78,68.0,0,4.47,40,Dushanbe
442,55.68,12.57,64.36,28,14.99,82,Copenhagen
443,35.23,128.68,67.1,40,3.36,82,Changwon
444,27.83,113.15,71.6,100,6.71,88,Zhuzhou
445,37.29,127.01,61.95,1,1.12,100,Suwon
446,36.17,-86.78,72.99,1,1.16,94,Nashville
447,-26.67,27.93,60.01,0,6.64,54,Vereeniging
448,32.04,112.14,72.07,99,6.53,63,Xiangyang
449,35.15,-90.05,81.28,75,10.29,69,Memphis
450,35.54,129.32,68.0,40,3.36,82,Ulsan
451,31.96,35.95,78.8,0,6.93,36,Amman
452,35.99,119.4,64.06,100,3.09,95,Mizhou
453,37.55,-77.46,82.42,20,3.36,61,Richmond
454,37.7,-121.94,70.9,90,5.82,64,Dublin
455,53.55,-113.47,49.69,90,10.29,93,Edmonton
456,17.68,75.92,71.69,100,17.81,90,Solapur
457,47.24,39.71,66.2,0,8.95,29,Rostov-na-Donu
458,48.45,34.98,62.6,0,8.95,36,Dnipro
459,36.62,101.77,49.33,55,0.92,82,Xining
460,40.81,114.88,58.87,27,3.27,86,Zhangjiakou
461,50.63,3.06,69.17,0,1.3,49,Lille
462,23.35,85.33,75.22,100,5.37,87,Ranchi
463,37.06,37.38,73.4,0,2.24,53,Gaziantep
464,6.3,-10.8,77.76,9,10.92,88,Monrovia
465,-2.53,-44.3,87.8,40,13.87,58,Sao Luis
466,52.37,4.89,64.09,100,8.05,72,Amsterdam
467,31.77,35.22,72.37,0,4.0,77,Jerusalem
468,29.95,-90.08,87.15,20,14.99,62,New Orleans
469,14.64,-90.51,71.2,27,1.01,79,Guatemala City
470,22.28,113.57,82.8,20,6.93,83,Zhuhai
471,-27.61,-48.5,78.62,23,9.17,61,Florianopolis
472,-33.92,25.57,57.2,0,13.87,76,Port Elizabeth
473,46.83,130.35,55.09,100,3.44,91,Jiamusi
474,4.78,7.01,78.8,75,3.36,94,Port Harcourt
475,35.77,-78.64,83.05,75,5.82,65,Raleigh
476,54.77,56.04,50.0,2,4.47,76,Ufa
477,26.89,112.61,67.96,100,3.42,90,Hengyang
478,41.29,123.77,55.4,0,2.24,100,Benxi
479,38.25,-85.76,81.41,90,3.36,65,Louisville
480,32.82,34.99,80.46,0,9.17,65,Haifa
481,24.47,39.61,102.2,83,4.7,5,Medina
482,7.13,-73.12,75.2,75,8.05,83,Bucaramanga
483,10.25,-67.6,87.03,60,6.8,54,Maracay
484,51.92,4.48,66.11,71,3.36,77,Rotterdam
485,34.73,36.72,72.1,0,9.57,73,Homs
486,50.93,6.95,71.8,19,5.82,64,Cologne
487,39.93,119.59,64.08,35,4.92,81,Qinhuangdao
488,34.04,-5.0,84.2,75,6.93,45,Fes
489,12.11,15.04,80.6,20,3.36,88,N'Djamena
490,14.08,-87.21,84.2,75,2.17,66,Tegucigalpa
491,18.0,-76.79,87.89,40,17.22,70,Kingston
492,19.75,96.13,76.1,100,3.4,91,Nay Pyi Taw
493,11.5,42.5,93.2,1,6.93,52,Djibouti
494,12.13,-86.25,86.0,75,4.7,70,Managua
495,13.51,2.11,87.8,100,4.7,48,Niamey
496,41.33,19.82,77.0,0,3.36,61,Tirana
497,27.72,85.32,71.6,40,2.24,94,Kathmandu
498,47.91,106.88,33.8,0,2.24,86,Ulaanbaatar
499,-1.95,30.06,75.09,40,8.05,53,Kigali
500,42.87,74.59,53.6,0,4.47,62,Bishkek
501,59.91,10.75,56.32,99,1.01,82,Oslo
502,4.36,18.55,77.0,40,3.36,78,Bangui
503,8.48,-13.23,77.59,100,10.65,91,Freetown
504,33.71,73.13,80.4,0,5.75,88,Islamabad
505,6.37,2.42,78.8,40,10.29,78,Cotonou
506,17.97,102.6,76.42,93,1.95,90,Vientiane
507,57.0,24.08,57.2,20,6.93,71,Riga
508,18.09,-15.98,87.8,0,18.34,66,Nouakchott
509,23.61,58.59,86.0,12,3.36,66,Muscat
510,37.95,58.38,77.0,0,6.93,25,Ashgabat
511,45.81,15.98,71.73,0,4.99,64,Zagreb
512,43.85,18.36,73.4,0,3.36,49,Sarajevo
513,47.01,28.86,69.8,0,4.7,35,Chisinau
514,-13.97,33.79,68.99,0,1.61,44,Lilongwe
515,15.33,38.93,65.98,35,3.69,64,Asmara
516,24.47,54.37,92.17,28,6.93,70,Abu Dhabi
517,-20.16,57.5,70.2,40,11.41,83,Port Louis
518,0.39,9.45,78.8,20,9.17,83,Libreville
519,26.22,50.58,93.2,0,1.83,52,Manama
520,54.69,25.28,58.01,90,13.87,67,Vilnius
521,42.0,21.43,80.6,20,10.29,36,Skopje
522,-29.12,26.21,68.0,20,4.7,22,Bloemfontein
523,48.15,17.11,68.83,22,3.36,60,Bratislava
524,11.86,-15.6,87.8,20,9.17,66,Bissau
525,59.44,24.75,54.5,40,9.17,87,Tallinn
526,-41.29,174.78,53.58,67,8.05,66,Wellington
527,35.9,14.51,74.71,20,8.05,73,Valletta
528,-29.32,27.48,58.89,83,5.44,34,Maseru
529,51.18,71.45,62.6,82,6.71,45,Nur-Sultan
530,-3.38,29.36,78.85,23,4.72,48,Bujumbura
531,-35.28,149.13,42.12,61,5.82,93,Canberra
532,28.61,77.23,87.44,40,2.8,79,New Delhi
533,46.05,14.51,68.54,20,2.24,77,Ljubljana
534,6.5,2.6,78.8,40,10.29,78,Porto-Novo
535,4.94,114.95,77.0,75,5.82,100,Bandar Seri Begawan
536,10.67,-61.52,83.84,75,6.93,66,Port of Spain
537,-9.44,147.18,71.6,20,5.82,83,Port Moresby
538,46.95,7.45,69.04,0,3.36,73,Bern
539,-22.56,17.08,66.2,0,12.53,17,Windhoek
540,5.41,100.34,78.4,20,3.36,88,Georgetown
541,5.87,-55.17,91.0,16,8.99,70,Paramaribo
542,-8.56,125.57,75.58,0,4.07,49,Dili
543,40.75,-73.58,74.34,40,14.99,64,Nassau
544,-19.03,-65.26,70.79,66,9.6,30,Sucre
545,35.17,33.37,80.29,20,8.05,74,Nicosia
546,-6.17,35.74,75.2,0,17.22,47,Dodoma
547,6.93,79.85,82.4,40,5.82,83,Colombo
548,-24.65,25.91,71.6,0,6.93,32,Gaborone
549,6.82,-5.28,69.8,75,4.7,73,Yamoussoukro
550,13.1,-59.62,87.8,40,11.41,70,Bridgetown
551,-18.14,178.44,69.8,90,8.05,88,Suva
552,64.14,-21.9,45.72,90,14.99,75,Reykjavik
553,3.75,8.78,78.8,75,9.17,100,Malabo
554,12.11,-68.93,91.4,20,13.87,66,Willemstad
555,42.44,19.26,79.45,0,9.17,28,Podgorica
556,-11.7,43.26,76.3,5,3.38,77,Moroni
557,6.9,79.91,82.4,40,5.82,83,Sri Jayewardenepura Kotte
558,14.92,-23.51,80.28,62,11.16,80,Praia
559,4.17,73.51,81.55,100,9.46,79,Male
560,4.85,31.58,70.81,68,2.91,94,Juba
561,50.0,5.5,65.66,0,1.57,58,Luxembourg
562,27.47,89.64,58.75,64,1.1,77,Thimphu
563,-26.32,31.13,69.94,0,12.75,34,Mbabane
564,0.34,6.73,80.6,75,9.17,74,Sao Tome
565,-9.43,159.95,73.4,20,4.7,94,Honiara
566,12.52,-70.03,87.8,40,14.99,74,Oranjestad
567,-13.83,-171.77,75.09,75,22.28,100,Apia
568,42.5,1.49,72.07,0,1.66,39,Andorra la Vella
569,13.16,-61.22,87.8,75,2.24,74,Kingstown
570,-17.73,168.32,73.74,100,18.45,85,Port-Vila
571,13.45,-16.58,84.2,40,5.82,79,Banjul
572,14.0,-61.01,83.97,40,6.93,88,Castries
573,43.73,7.42,78.71,0,3.36,54,Monaco
574,47.14,9.52,67.35,0,2.82,76,Vaduz
575,47.56,-52.71,61.83,90,8.05,48,Saint John's
576,12.06,-61.75,89.6,20,11.41,75,Saint George's
577,22.29,114.16,81.28,40,9.17,79,Victoria
578,43.93,12.42,73.87,0,3.36,69,San Marino
579,1.42,172.98,82.4,20,9.17,74,Tarawa
580,7.09,171.38,84.2,75,10.29,79,Majuro
581,15.3,-61.39,87.8,20,8.05,70,Roseau
582,17.29,-62.73,86.99,20,11.41,74,Basseterre
583,17.25,-88.77,89.31,75,2.24,66,Belmopan
584,-14.28,-170.7,77.0,90,20.8,88,Pago Pago
585,-26.47,31.2,66.2,0,12.75,34,Lobamba
586,-8.52,179.19,78.8,90,17.22,94,Funafuti
587,6.92,158.16,75.2,75,11.9,100,Palikir
588,51.07,-114.1,54.7,90,6.93,58,Capitol Hill
589,33.39,44.41,93.2,0,9.17,18,Al Quds
590,18.03,-63.05,87.66,20,10.29,66,Philipsburg
591,-3.5,29.95,66.78,19,2.82,50,Gitega
592,42.67,21.17,70.66,0,8.05,52,Pristina
593,12.78,45.04,88.99,46,0.96,70,Aden
594,-17.39,-66.16,80.6,20,4.7,21,Cochabamba
595,26.46,111.6,69.37,99,4.27,85,Yongzhou
596,46.56,131.42,54.57,100,1.59,93,Baoshan
597,58.02,56.29,55.4,26,15.66,71,Perm'
598,31.32,48.67,91.4,10,2.24,27,Ahvaz
599,26.29,73.03,89.67,0,5.88,38,Jodhpur
600,22.5,-100.5,71.6,75,3.36,40,San Luis Potosi
601,46.48,30.73,67.1,0,6.98,48,Odesa
602,38.47,106.27,59.77,11,5.88,71,Yinchuan
603,30.75,120.75,75.27,21,1.59,1,Jiaxing
604,25.28,110.29,75.2,40,4.23,88,Guilin
605,36.87,42.99,83.77,0,4.7,14,Dahuk
606,48.72,44.5,57.11,0,6.71,44,Volgograd
607,26.19,91.75,84.2,75,2.17,100,Guwahati
608,47.7,128.9,51.44,100,1.25,85,Yichun
609,37.86,113.56,63.32,100,0.54,81,Yangquan
610,-5.79,-35.21,82.4,40,21.92,58,Natal
611,30.73,76.79,86.0,20,3.36,100,Chandigarh
612,26.22,78.18,85.91,61,3.27,49,Gwalior
613,34.7,137.73,79.5,0,12.01,62,Hamamatsu
614,34.64,50.88,74.61,0,3.56,27,Qom
615,45.3,130.97,51.22,100,2.91,92,Jixi
616,20.97,-89.62,94.64,75,9.17,49,Merida
617,29.89,117.28,66.87,100,0.09,92,Xin'an
618,21.0,-99.92,71.6,90,9.17,56,Queretaro
619,27.62,113.85,68.7,100,2.19,85,Pingxiang
620,-7.12,-34.86,82.4,40,17.22,61,Joao Pessoa
621,3.03,101.45,80.31,20,1.74,88,Klang
622,41.11,121.14,62.06,100,1.25,86,Jinzhou
623,35.47,-97.52,79.38,75,10.29,65,Oklahoma City
624,40.45,15.27,80.01,0,5.01,50,Salerno
625,8.48,76.92,78.8,75,2.24,94,Thiruvananthapuram
626,11.25,75.77,75.2,75,3.36,94,Calicut
627,8.13,4.27,71.64,67,2.3,93,Ogbomoso
628,6.11,125.17,77.86,100,0.87,78,General Santos
629,16.47,107.6,82.4,20,2.24,78,Hue
630,10.67,122.95,78.75,70,3.69,84,Bacolod
631,32.03,120.87,72.3,100,4.7,99,Nantong
632,23.03,113.13,82.0,98,4.47,88,Foshan
633,38.94,125.66,61.65,10,4.07,94,Songnam
634,41.17,-73.2,73.78,90,11.41,69,Bridgeport
635,44.0,7.25,78.85,0,3.36,54,Nice
636,42.89,-78.88,71.65,75,18.34,73,Buffalo
637,36.19,44.01,89.6,0,3.36,13,Erbil
638,56.01,92.79,39.2,44,2.24,100,Krasnoyarsk
639,-8.01,-34.86,82.4,40,13.87,61,Olinda
640,51.22,4.4,68.13,87,2.55,64,Antwerp
641,38.17,32.5,71.6,20,4.7,53,Konya
642,-6.59,106.79,79.05,98,4.07,82,Bogor
643,41.77,-72.77,73.49,90,10.29,53,Hartford
644,33.97,116.79,67.28,100,3.91,91,Huaibei
645,27.8,114.93,68.85,100,1.97,86,Xinyu
646,-5.09,-42.8,96.8,86,6.93,25,Teresina
647,26.21,127.68,81.19,75,5.82,78,Naha
648,37.66,126.83,62.64,0,1.12,100,Goyang
649,28.77,104.62,67.98,100,1.97,93,Yibin
650,5.11,7.37,78.8,75,3.36,94,Aba
651,11.85,13.16,76.5,5,3.91,70,Maiduguri
652,36.92,34.88,80.6,0,3.36,74,Tarsus
653,32.94,117.36,67.95,81,4.14,91,Bengbu
654,-32.89,-68.83,65.5,0,7.72,24,Mendoza
655,15.35,75.17,69.28,100,13.94,92,Hubli
656,-36.83,-73.05,60.8,0,10.29,51,Concepcion
657,11.11,7.72,74.26,100,2.51,77,Zaria
658,10.4,-75.51,87.8,40,10.29,70,Cartagena
659,12.31,76.65,67.82,100,8.84,93,Mysore
660,32.65,-115.47,91.83,90,2.39,15,Mexicali
661,43.61,122.27,56.84,26,3.29,93,Tongliao
662,-4.05,39.66,75.36,0,10.96,84,Mombasa
663,54.97,-1.61,62.87,20,12.75,67,Newcastle upon Tyne
664,-29.68,-51.13,71.6,20,8.05,83,Novo Hamburgo
665,-12.07,-77.15,62.6,90,8.05,77,Callao
666,43.26,-2.93,81.28,0,5.82,57,Bilbao
667,1.47,103.76,74.46,75,1.12,94,Johor Bahru
668,21.23,81.63,78.85,65,4.74,83,Raipur
669,30.77,111.32,64.99,100,2.53,84,Xiaoxita
670,32.73,-97.32,83.55,75,10.29,65,Fort Worth
671,11.65,78.17,73.65,100,3.29,89,Salem
672,21.85,111.97,78.15,97,5.01,89,Yangjiang
673,31.63,-8.01,91.4,75,9.17,29,Marrakech
674,40.13,124.39,59.32,0,4.29,91,Dandong
675,30.53,47.79,96.8,0,4.7,15,Al Basrah
676,21.88,-102.3,75.2,75,2.24,47,Aguascalientes
677,32.22,-110.93,92.98,20,9.17,22,Tucson
678,34.66,133.94,65.55,0,6.49,81,Okayama
679,37.5,126.78,62.62,0,1.12,100,Bucheon
680,30.95,118.76,67.84,100,1.45,91,Xuanzhou
681,-5.43,105.26,73.9,100,4.41,91,Bandar Lampung
682,35.43,119.46,66.7,100,3.44,89,Rizhao
683,37.82,13.58,70.63,100,3.0,83,Palermo
684,22.22,-97.85,87.8,75,4.7,66,Tampico
685,35.24,113.23,70.81,82,2.28,69,Jiaozuo
686,-0.95,100.35,77.23,97,3.87,73,Padang
687,31.33,75.58,80.47,0,3.09,57,Jalandhar
688,32.21,119.43,72.0,100,4.61,90,Zhenjiang
689,-33.04,-71.63,69.01,0,13.87,43,Valparaiso
690,33.74,113.3,69.24,2,1.1,78,Pingdingshan
691,27.69,106.91,61.3,100,3.27,97,Zunyi
692,26.25,105.93,64.8,100,4.76,99,Anshun
693,43.6,1.44,83.43,0,11.41,35,Toulouse
694,31.76,-106.49,80.22,90,9.17,26,El Paso
695,20.23,85.83,84.2,20,4.7,89,Bhubaneshwar
696,51.67,39.17,64.4,100,4.47,36,Voronezh
697,51.57,46.03,62.01,0,8.57,32,Saratov
698,37.68,112.73,66.2,40,4.47,72,Yuci
699,33.39,120.13,65.25,85,1.12,90,Yancheng
700,18.92,-99.25,77.0,75,4.7,73,Cuernavaca
701,36.09,111.52,72.39,100,5.5,58,Linfen
702,21.31,-157.86,78.03,40,3.36,65,Honolulu
703,5.52,5.75,76.59,100,4.18,89,Warri
704,47.56,7.57,69.84,0,3.36,72,Basel
705,-26.82,-65.22,80.6,0,6.93,34,San Miguel de Tucuman
706,34.31,47.06,80.6,0,4.7,10,Kermanshah
707,40.64,22.94,79.43,20,3.36,41,Thessaloniki
708,41.26,-95.94,76.89,20,1.43,50,Omaha
709,25.18,75.83,83.97,1,5.46,55,Kota
710,41.55,-8.42,73.99,100,4.0,54,Braga
711,25.43,78.58,84.85,31,4.34,57,Jhansi
712,29.15,113.1,66.18,100,8.43,95,Rongjiawan
713,52.95,-1.15,68.43,0,9.17,68,Nottingham
714,30.42,-9.6,77.0,100,11.41,65,Agadir
715,5.4,100.36,78.4,20,3.36,88,Butterworth
716,28.35,79.42,82.47,14,3.29,68,Bareilly
717,9.92,8.9,65.03,45,3.74,94,Jos
718,24.19,102.82,61.81,100,2.1,95,Xingyi
719,10.32,123.89,78.8,90,4.7,94,Cebu City
720,-16.4,-71.53,71.6,0,12.75,18,Arequipa
721,53.41,-2.98,66.85,0,5.82,64,Liverpool
722,31.34,118.38,71.6,99,4.47,100,Wuhu
723,39.51,116.69,72.75,100,1.01,79,Langfang
724,24.37,88.6,81.59,100,7.14,85,Rajshahi
725,27.32,103.72,57.43,100,4.92,93,Zhaotong
726,24.8,-107.39,91.11,75,5.82,59,Culiacan
727,39.33,-0.83,78.82,100,1.01,66,Valencia
728,41.24,119.4,57.54,54,2.84,85,Lingyuan
729,-15.6,-56.1,105.8,0,9.17,3,Cuiaba
730,13.77,109.23,78.75,98,5.06,86,Quy Nhon
731,-7.98,112.63,66.7,100,1.72,79,Malang
732,27.88,78.08,84.6,5,4.29,63,Aligarh
733,44.84,-0.58,82.99,20,8.05,28,Bordeaux
734,26.2,-98.23,93.88,20,10.29,41,McAllen
735,0.53,101.45,77.0,20,1.61,100,Pekanbaru
736,35.69,-0.64,78.8,40,17.22,65,Oran
737,40.66,122.23,61.63,0,4.52,89,Yingkou
738,19.3,73.07,84.2,75,10.29,79,Bhiwandi
739,41.27,123.17,55.4,0,2.24,100,Liaoyang
740,28.5,-106.0,69.91,90,16.11,52,Chihuahua
741,32.73,74.87,86.0,5,1.12,79,Jammu
742,2.2,102.24,78.4,40,1.12,88,Melaka
743,47.82,35.18,65.08,0,6.71,29,Zaporizhzhya
744,28.83,78.78,81.99,19,1.86,69,Moradabad
745,36.77,30.72,78.8,20,3.36,83,Antalya
746,14.8,42.95,89.37,100,2.98,70,Al Hudaydah
747,-20.44,-54.65,98.6,0,14.99,12,Campo Grande
748,30.01,120.57,72.66,100,2.24,88,Shaoxing
749,47.7,128.9,51.44,100,1.25,85,Yichun
750,12.87,74.88,77.0,75,3.44,88,Mangalore
751,51.27,7.18,70.29,89,1.52,59,Wuppertal
752,36.64,127.49,60.8,0,1.12,100,Cheongju
753,6.91,122.07,75.2,90,6.93,100,Zamboanga City
754,39.92,127.54,59.0,0,3.13,89,Hamhung
755,32.9,115.82,68.63,100,3.53,88,Fuyang
756,8.5,4.55,73.02,86,3.02,88,Ilorin
757,49.23,7.0,67.44,20,3.36,52,Saarbrucken
758,42.02,121.66,61.63,94,1.43,81,Fuxin
759,32.65,110.78,68.13,100,1.32,83,Shiyan
760,30.2,67.01,70.39,0,1.07,24,Quetta
761,-8.12,-79.03,66.06,51,11.14,70,Trujillo
762,-5.9,22.42,79.63,0,3.09,43,Kananga
763,40.92,39.83,78.8,75,4.7,83,Trabzon
764,35.5,112.83,63.97,0,2.55,81,Jincheng
765,35.08,-106.65,77.54,40,4.7,23,Albuquerque
766,51.75,19.47,61.02,72,1.12,87,Lodz
767,50.08,19.92,67.73,27,1.12,72,Krakow
768,25.42,-101.0,72.21,40,8.05,56,Saltillo
769,-23.18,-45.89,93.2,0,5.82,15,Sao Jose dos Campos
770,39.83,127.62,60.91,1,3.89,88,Hungnam
771,14.78,44.03,65.26,73,1.63,76,Ta`izz
772,-29.62,30.39,79.66,1,4.63,27,Pietermaritzburg
773,35.78,-5.81,78.8,97,19.46,61,Tangier
774,24.8,120.97,79.21,4,1.99,87,Hsinchu
775,30.17,119.22,67.39,100,0.63,87,Changhua
776,16.7,74.22,70.14,100,5.17,95,Kolhapur
777,41.0,71.67,64.4,0,4.7,48,Namangan
778,50.63,5.57,66.87,70,4.7,53,Liege
779,8.35,-62.65,93.94,48,3.13,46,Ciudad Guayana
780,33.52,-86.8,86.97,40,10.29,58,Birmingham
781,47.4,130.37,53.11,100,4.36,95,Hegang
782,10.21,123.76,78.8,90,4.7,94,Naga City
783,54.35,18.65,61.63,75,6.93,59,Gdansk
784,37.32,126.82,63.05,1,5.7,93,Ansan
785,49.45,11.07,67.24,100,2.24,68,Nuremberg
786,7.85,3.93,71.94,52,3.11,96,Oyo
787,20.93,77.75,79.25,100,2.19,86,Amravati
788,-8.65,115.22,78.8,20,6.93,83,Denpasar
789,13.06,5.24,81.81,100,12.15,70,Sokoto
790,21.48,109.1,82.56,41,8.99,78,Beihai
791,53.08,8.81,66.9,56,5.82,68,Bremen
792,35.56,45.44,84.85,0,11.41,13,As Sulaymaniyah
793,52.37,9.73,66.13,100,1.12,72,Hannover
794,7.88,-72.51,89.6,40,12.75,46,Cucuta
795,39.18,-84.53,80.73,40,5.82,61,Hamilton
796,-3.35,37.33,77.0,20,9.17,44,Moshi
797,24.8,113.58,72.61,84,2.04,89,Shaoguan
798,32.79,130.74,65.68,100,1.01,85,Kumamoto
799,39.76,-84.19,80.15,75,8.05,50,Dayton
800,34.6,119.16,65.41,100,1.97,90,Xinpu
801,16.86,-99.89,86.0,40,6.93,74,Acapulco de Juarez
802,31.0,65.75,77.0,1,3.36,12,Kandahar
803,30.32,78.03,75.56,0,3.71,76,Dehra Dun
804,43.15,-77.62,70.3,90,13.87,83,Rochester
805,35.82,127.15,62.56,1,2.24,100,Jeonju
806,39.65,66.96,69.8,0,9.17,40,Samarkand
807,23.7,113.03,81.55,100,4.47,88,Qingyuan
808,27.17,-82.33,76.8,75,11.41,100,Sarasota
809,35.21,111.74,64.54,46,1.95,80,Changzhi
810,-8.18,-35.0,82.4,40,13.87,61,Jaboatao
811,34.98,138.38,69.01,6,3.29,96,Shizuoka
812,-20.15,28.58,67.39,95,1.77,31,Bulawayo
813,10.92,-74.76,80.6,75,11.41,78,Soledad
814,36.67,-119.83,74.53,90,3.36,49,Fresno
815,33.98,-5.53,82.4,40,9.17,54,Meknes
816,-34.92,-57.95,68.0,0,4.0,61,La Plata
817,20.55,74.53,74.43,100,10.02,91,Malegaon
818,6.44,7.49,73.81,100,5.73,93,Enugu
819,30.2,115.08,68.97,100,5.17,95,Huangshi
820,-10.91,-37.07,78.8,20,10.29,74,Aracaju
821,40.61,-75.49,75.74,75,13.87,61,Allentown
822,50.73,7.1,70.03,69,1.12,72,Bonn
823,15.5,-88.03,89.6,61,4.29,55,San Pedro Sula
824,14.43,79.97,75.49,100,6.87,92,Nellore
825,37.5,15.09,73.0,40,5.82,88,Catania
826,29.45,75.68,83.79,27,4.32,49,Gorakhpur
827,4.58,101.08,77.0,40,3.36,94,Ipoh
828,36.1,-95.9,80.6,1,11.41,45,Tulsa
829,36.57,139.88,69.8,75,4.7,94,Utsunomiya
830,35.7,115.01,69.48,100,4.14,80,Puyang Chengguanzhen
831,31.25,43.83,94.32,0,10.27,11,An Najaf
832,-25.53,-49.21,88.75,2,10.29,27,Sao Jose dos Pinhais
833,-23.66,-46.54,91.45,0,4.7,19,Santo Andre
834,50.35,18.93,63.95,43,2.24,82,Bytom
835,-4.78,11.86,77.0,40,6.93,78,Pointe-Noire
836,30.6,32.27,77.58,0,9.4,82,Ismailia
837,37.98,-122.03,70.3,90,12.75,68,Concord
838,13.92,75.57,69.17,100,6.62,94,Shimoga
839,10.95,106.82,77.0,75,2.24,94,Bien Hoa
840,25.6,103.8,62.38,100,3.44,92,Xiping
841,47.92,33.35,69.4,0,6.71,21,Kryvyy Rih
842,32.5,35.83,78.8,0,6.93,36,Irbid
843,11.1,77.35,73.4,75,6.93,94,Tiruppur
844,40.78,72.34,69.01,0,18.01,89,Andijon
845,45.0,40.0,71.6,0,8.95,56,Krasnodar
846,41.66,-0.88,84.25,61,6.93,20,Zaragoza
847,44.41,8.96,81.55,0,9.17,48,Genoa
848,37.92,40.22,78.8,0,3.36,24,Diyarbakir
849,19.7,-101.18,75.2,75,8.05,47,Morelia
850,52.0,5.25,66.33,34,1.88,78,Utrecht
851,-5.04,18.82,83.21,0,2.44,46,Kikwit
852,25.36,49.57,95.0,95,3.36,16,Al Hufuf
853,-7.78,110.36,70.97,98,1.16,91,Yogyakarta
854,51.1,17.03,67.14,100,1.12,77,Wroclaw
855,49.88,-97.15,57.78,40,14.99,51,Winnipeg
856,56.85,53.23,53.01,100,1.99,80,Izhevsk
857,26.56,-81.95,75.92,90,4.7,100,Cape Coral
858,37.22,-93.3,75.15,1,8.05,56,Springfield
859,46.81,-71.21,61.07,90,3.36,87,Quebec
860,52.41,16.93,62.96,70,2.24,67,Poznan
861,38.83,-104.82,75.76,20,10.29,23,Colorado Springs
862,31.26,32.28,82.4,0,9.17,69,Port Said
863,32.99,70.6,90.19,0,1.57,28,Bannu
864,51.54,0.71,68.11,0,9.17,68,Southend-on-Sea
865,51.05,13.74,65.73,96,3.36,64,Dresden
866,50.08,8.25,71.8,100,0.78,46,Wiesbaden
867,32.78,-79.93,85.69,1,8.05,79,Charleston
868,40.22,116.22,72.45,100,4.0,77,Changping
869,-0.89,119.87,75.78,100,0.72,82,Palu
870,32.49,119.91,72.0,64,4.29,90,Taizhou
871,37.06,114.49,67.77,55,1.01,71,Xingtai
872,41.25,36.33,75.2,75,6.93,73,Samsun
873,25.7,32.64,93.2,0,3.36,26,Luxor
874,15.87,74.5,68.22,100,8.23,95,Belgaum
875,-0.03,109.33,73.96,96,1.07,91,Pontianak
876,36.37,6.61,68.0,75,5.82,82,Constantine
877,-3.32,114.59,75.2,100,1.12,94,Banjarmasin
878,42.96,-85.67,66.18,90,10.29,72,Grand Rapids
879,35.47,44.39,92.44,0,12.75,11,Kirkuk
880,16.85,74.56,71.71,100,7.07,91,Sangli
881,41.39,2.16,77.59,0,2.24,61,Barcelona
882,33.6,-117.67,77.18,0,7.99,47,Mission Viejo
883,26.56,31.69,91.4,0,4.7,19,Suhaj
884,31.04,31.38,72.59,0,6.26,93,Al Mansurah
885,-29.92,-51.18,71.6,20,8.05,83,Canoas
886,53.36,83.76,51.8,87,6.71,77,Barnaul
887,29.5,60.86,73.4,0,11.41,20,Zahedan
888,34.43,70.45,87.33,0,2.3,42,Jalalabad
889,42.6,-73.97,73.65,40,10.18,61,Albany
890,-6.77,-79.84,71.6,17,14.99,60,Chiclayo
891,29.07,-110.97,95.92,5,5.82,34,Hermosillo
892,19.95,79.3,79.29,100,1.03,88,Chanda
893,32.48,44.44,96.93,0,13.02,10,Al Hillah
894,32.48,44.44,96.93,0,13.02,10,Al Hillah
895,37.28,49.58,73.4,20,1.7,94,Rasht
896,36.65,138.18,66.13,95,1.01,99,Nagano
897,18.67,105.67,79.5,100,2.64,87,Vinh
898,7.15,3.35,82.4,20,4.7,69,Abeokuta
899,38.74,35.5,75.2,40,4.56,38,Kayseri
900,-0.5,117.15,73.2,100,2.17,96,Samarinda
901,26.45,74.63,81.63,0,3.2,44,Ajmer
902,51.52,7.45,67.5,17,1.12,60,Dortmund
903,43.11,131.87,53.6,75,8.95,93,Vladivostok
904,52.3,104.3,42.8,90,20.13,100,Irkutsk
905,35.96,-83.92,87.17,40,6.93,66,Knoxville
906,-15.79,35.01,68.92,1,10.94,55,Blantyre
907,30.45,-91.15,92.66,5,1.01,64,Baton Rouge
908,30.51,117.05,71.38,100,0.83,84,Anqing
909,20.46,85.88,84.2,20,4.7,89,Cuttack
910,35.66,139.32,68.0,90,4.7,100,Hachioji
911,48.48,135.09,55.4,100,6.71,82,Khabarovsk
912,19.33,-96.67,89.8,75,4.7,59,Veracruz
913,0.52,25.2,70.72,48,0.65,95,Kisangani
914,30.28,57.08,66.2,0,9.17,17,Kerman
915,37.55,45.08,64.4,0,6.93,48,Orumiyeh
916,28.02,73.3,95.16,87,4.43,24,Bikaner
917,14.83,-91.52,69.91,96,4.21,49,Quetzaltenango
918,35.37,-119.02,86.63,1,3.36,25,Bakersfield
919,41.22,-111.97,77.14,1,8.16,13,Ogden
920,44.3,86.03,60.12,0,3.4,35,Shihezi
921,1.55,110.33,75.11,40,3.36,100,Kuching
922,39.32,112.42,55.94,66,2.01,86,Shuozhou
923,37.9,139.02,69.91,75,3.36,88,Niigata
924,4.81,-75.7,75.72,40,4.7,65,Pereira
925,22.2,113.55,84.2,20,6.93,83,Macau
926,41.31,-72.93,73.87,75,13.87,69,New Haven
927,7.69,-5.02,71.6,75,4.7,94,Bouake
928,34.0,-81.03,88.9,40,3.36,55,Columbia
929,41.08,-81.52,77.77,40,9.17,61,Akron
930,3.6,98.49,73.42,100,1.99,85,Binjai
931,-18.92,-48.28,90.32,0,10.54,13,Uberlandia
932,-23.5,-47.46,91.0,0,4.0,24,Sorocaba
933,30.95,117.78,69.28,100,1.16,91,Wusong
934,37.5,122.11,68.7,23,7.83,80,Weihai
935,-38.0,-57.56,55.6,100,11.41,41,Mar del Plata
936,20.02,-75.82,87.8,40,8.05,66,Santiago de Cuba
937,43.16,124.37,56.37,8,1.59,91,Siping
938,31.56,130.56,69.01,100,3.0,94,Kagoshima
939,-7.56,110.83,73.31,55,10.69,83,Surakarta
940,42.98,47.5,68.0,40,2.24,77,Makhachkala
941,21.77,72.15,81.59,100,10.02,82,Bhavnagar
942,5.03,7.93,74.25,100,4.68,94,Uyo
943,41.83,-71.17,73.83,20,11.41,50,Bristol
944,29.4,71.68,93.51,0,7.07,27,Bahawalpur
945,34.26,-6.58,73.4,40,5.82,83,Kenitra
946,-21.18,-47.81,95.0,0,14.99,14,Ribeirao Preto
947,36.59,136.63,69.35,75,9.17,88,Kanazawa
948,51.77,55.1,46.4,0,4.47,70,Orenburg
949,36.72,-4.42,78.6,80,3.36,54,Malaga
950,17.42,121.44,75.38,19,1.9,87,Tabuk
951,10.22,-64.62,86.76,2,3.98,69,Puerto La Cruz
952,29.73,115.98,71.71,100,2.15,82,Jiujiang
953,29.17,75.72,85.23,6,5.61,47,Hisar
954,39.45,75.98,69.8,0,8.95,43,Kashgar
955,-25.96,32.46,71.53,0,14.99,78,Matola
956,22.08,82.15,78.94,95,4.07,80,Bilaspur
957,32.08,72.67,86.4,0,5.59,40,Sargodha
958,51.34,12.38,69.12,76,2.24,56,Leipzig
959,21.17,-86.85,89.31,75,6.93,66,Cancun
960,32.4,119.44,72.0,87,5.17,90,Yangzhou
961,53.76,87.11,46.71,0,2.24,73,Novokuznetsk
962,35.51,35.78,82.4,1,4.7,65,Latakia
963,25.88,-97.5,88.84,1,10.29,62,Heroica Matamoros
964,35.0,135.87,69.98,22,4.23,79,Otsu
965,58.5,82.5,48.87,100,6.11,86,Tomsk
966,33.84,132.77,71.01,22,5.01,77,Matsuyama
967,49.44,1.1,68.31,0,6.93,63,Rouen
968,22.58,113.08,77.54,96,1.99,98,Jiangmen
969,17.05,-96.72,77.0,75,5.82,53,Oaxaca
970,-19.84,34.84,71.29,75,8.05,83,Beira
971,16.3,80.45,76.91,100,7.47,93,Guntur
972,32.88,13.19,79.61,0,9.28,68,Tripoli
973,34.8,48.51,59.52,4,4.5,47,Hamadan
974,38.32,116.87,65.71,100,5.21,83,Cangzhou
975,5.97,116.07,77.0,20,4.94,94,Kota Kinabalu
976,-28.0,153.43,56.89,0,3.36,93,Gold Coast
977,41.12,126.18,54.46,0,2.17,85,Ji'an
978,-23.31,-51.16,96.8,96,9.17,16,Londrina
979,55.67,36.67,57.94,100,15.66,67,Ryazan'
980,30.31,112.24,66.99,100,5.91,93,Shashi
981,6.34,-75.56,76.39,40,16.11,33,Bello
982,52.6,39.57,64.4,100,11.18,40,Lipetsk
983,26.7,88.43,80.6,75,4.7,88,Shiliguri
984,39.78,30.52,68.0,75,10.29,77,Eskisehir
985,5.56,95.32,79.43,100,7.85,78,Banda Aceh
986,23.18,75.77,75.2,75,3.36,100,Ujjain
987,-24.79,-65.41,80.6,20,5.82,34,Salta
988,53.2,45.0,62.01,100,10.76,26,Penza
989,36.47,2.83,77.0,40,12.75,78,Blida
990,46.97,32.0,73.2,0,4.47,31,Mykolayiv
991,29.97,32.53,78.6,0,13.0,72,Suez
992,50.3,18.68,66.16,50,1.01,75,Gliwice
993,-0.31,100.37,64.29,87,0.2,86,Bukittinggi
994,42.9,125.14,52.61,0,1.39,87,Liaoyuan
995,6.13,102.24,77.0,40,2.24,100,Kota Bharu
996,-23.19,-46.88,91.47,0,8.05,17,Jundiai
997,55.95,-3.2,63.01,75,17.22,77,Edinburgh
998,19.42,-98.17,68.0,75,6.93,52,Tlaxcala
999,40.23,-111.66,75.85,1,5.82,37,Provo
1000,34.09,49.69,60.03,0,2.68,33,Arak
1001,14.47,75.92,68.9,100,10.02,94,Davangere
1002,-33.02,-71.55,68.97,0,13.87,43,Vina del Mar
1003,22.67,120.49,81.34,40,4.7,88,Pingtung
1004,36.9,7.77,75.2,40,9.17,78,Annaba
1005,20.73,77.0,75.99,100,14.92,90,Akola
1006,50.83,-0.14,61.63,0,2.24,87,Brighton
1007,53.79,-1.75,66.42,0,6.93,72,Bradford
1008,41.12,16.85,77.32,0,5.82,78,Bari
1009,31.04,30.47,80.6,20,4.7,74,Damanhur
1010,28.11,30.75,86.56,0,10.76,21,Al Minya
1011,25.13,121.74,79.65,40,5.82,88,Keelung
1012,-25.33,-57.53,98.6,40,11.41,25,San Lorenzo
1013,-7.65,112.91,76.17,100,5.41,65,Pasuruan
1014,23.48,120.45,83.48,97,1.54,38,Chiayi
1015,21.59,105.84,80.6,75,3.36,88,Thai Nguyen
1016,6.21,7.07,74.39,100,7.2,93,Awka
1017,46.64,131.15,54.34,100,2.08,93,Shuangyashan
1018,14.87,-92.45,87.8,75,9.17,74,Mazatan
1019,34.73,136.51,75.2,20,19.46,69,Tsu
1020,-8.58,116.12,77.0,40,3.36,88,Mataram
1021,0.04,-51.07,93.2,40,9.17,59,Macapa
1022,42.33,-71.83,72.68,40,12.75,56,Worcester
1023,26.08,-98.28,94.19,75,11.41,43,Reynosa
1024,39.06,66.83,68.22,0,1.95,26,Shahrisabz
1025,33.42,-111.82,95.11,1,7.9,19,Mesa
1026,34.77,108.14,68.0,40,6.71,100,Duma
1027,-2.52,32.9,71.6,20,5.3,73,Mwanza
1028,37.93,102.64,60.57,100,3.29,54,Wuwei
1029,28.03,-80.59,85.98,40,11.41,79,Palm Bay
1030,19.62,37.22,92.12,0,5.39,49,Port Sudan
1031,-31.63,-60.7,77.22,0,5.01,37,Santa Fe
1032,54.2,37.61,59.4,100,12.82,83,Tula
1033,29.07,31.1,84.99,0,15.99,30,Bani Suwayf
1034,42.91,129.51,53.31,98,3.96,88,Yanji
1035,39.83,-4.0,89.01,52,15.1,24,Toledo
1036,44.47,11.43,77.97,0,4.7,51,Bologna
1037,31.58,-90.44,88.66,6,6.62,73,Brookhaven
1038,29.97,77.55,79.29,0,0.98,68,Saharanpur
1039,33.55,-117.21,85.48,1,6.24,21,Murrieta
1040,17.33,76.83,71.76,100,17.07,93,Gulbarga
1041,22.87,88.41,86.0,40,4.7,94,Bhatpara
1042,37.69,-97.34,79.18,40,6.93,47,Wichita
1043,7.47,4.57,71.82,100,2.55,98,Ile-Ife
1044,-12.27,-38.97,76.59,86,10.2,67,Feira de Santana
1045,3.09,101.53,80.31,20,0.98,88,Shah Alam
1046,41.6,-93.61,72.03,20,2.73,56,Des Moines
1047,16.75,-93.12,84.2,40,6.93,66,Tuxtla
1048,34.5,62.0,69.8,0,10.29,19,Herat
1049,23.05,112.46,84.99,93,1.9,99,Zhaoqing
1050,-22.74,-47.33,94.91,0,8.05,17,Americana
1051,49.83,18.28,66.06,5,3.36,82,Ostrava
1052,31.9,54.37,77.0,0,6.93,16,Yazd
1053,55.33,86.08,50.0,52,4.47,66,Kemerovo
1054,8.55,39.27,62.31,8,6.98,84,Nazret
1055,40.58,-74.15,74.12,90,9.17,69,Staten Island
1056,41.57,120.46,61.74,97,0.76,81,Chaoyang
1057,-21.76,-43.35,82.44,0,7.49,29,Juiz de Fora
1058,24.57,73.69,78.03,100,3.11,62,Udaipur
1059,33.77,-118.19,74.17,1,3.36,68,Long Beach
1060,35.61,-77.37,81.97,75,8.05,78,Greenville
1061,40.92,29.92,73.85,75,3.36,94,Kocaeli
1062,37.95,23.64,77.94,20,9.17,57,Piraeus
1063,42.3,69.6,68.0,0,8.95,30,Shymkent
1064,8.23,124.24,75.0,98,7.0,93,Iligan
1065,36.28,50.0,65.61,1,11.59,67,Qazvin
1066,4.95,8.32,74.37,89,3.58,95,Calabar
1067,38.5,38.0,69.8,0,5.82,40,Malatya
1068,26.55,101.71,69.75,99,1.52,84,Dadukou
1069,55.76,52.43,55.4,3,11.18,62,Naberezhnyye Chelny
1070,35.13,36.76,70.27,0,4.74,73,Hamah
1071,-38.1,145.28,52.99,42,8.01,85,Cranbourne
1072,-3.75,-73.25,87.8,40,8.05,66,Iquitos
1073,36.71,67.11,78.4,5,9.17,15,Mazar-e Sharif
1074,52.64,-1.13,66.87,0,5.99,70,Leicester
1075,58.6,49.66,52.32,100,14.45,89,Kirov
1076,29.29,117.21,65.95,100,1.07,92,Jingdezhen
1077,24.83,-104.83,68.29,89,6.04,70,Durango
1078,-1.6,103.62,74.21,100,1.63,95,Jambi
1079,-22.52,-44.1,89.29,0,8.72,25,Volta Redonda
1080,37.73,115.7,65.37,82,5.01,85,Hengshui
1081,34.74,10.76,78.8,20,9.17,69,Sfax
1082,54.9,-1.38,62.01,0,1.01,79,Sunderland
1083,19.53,-96.92,71.83,79,3.2,82,Xalapa
1084,48.57,39.32,61.27,0,4.76,32,Luhans'k
1085,1.49,124.85,75.2,40,3.04,94,Manado
1086,49.8,73.1,39.2,92,4.47,80,Qaraghandy
1087,31.05,46.26,90.57,0,0.89,12,An Nasiriyah
1088,43.9,-78.85,76.3,40,18.34,50,Oshawa
1089,45.8,130.85,52.63,100,0.51,84,Taihecun
1090,54.58,-5.93,66.51,1,10.29,64,Belfast
1091,37.21,38.78,82.4,0,10.29,34,Sanliurfa
1092,40.97,117.94,61.48,100,1.5,84,Chengde
1093,34.0,113.87,69.8,92,2.24,83,Jiangguanchi
1094,36.17,1.33,86.0,9,14.99,35,Chlef
1095,33.24,131.61,66.0,100,4.81,97,Oita
1096,16.42,120.6,62.15,22,3.02,100,Baguio City
1097,-31.54,-68.54,70.14,0,16.96,21,San Juan
1098,56.13,47.25,59.0,40,13.42,47,Cheboksary
1099,7.62,5.22,71.11,93,2.39,91,Ado-Ekiti
1100,-1.27,116.83,75.49,100,5.77,92,Balikpapan
1101,15.15,76.93,71.71,100,17.83,84,Bellary
1102,5.95,10.16,64.54,99,3.18,93,Bamenda
1103,51.05,3.72,66.69,0,1.01,76,Gent
1104,34.07,134.56,71.6,20,9.17,73,Tokushima
1105,34.75,-92.29,82.71,90,10.29,65,Little Rock
1106,23.48,111.32,75.02,100,2.04,94,Wuzhou
1107,50.8,-1.09,63.21,0,3.33,84,Portsmouth
1108,40.27,-76.88,77.85,40,6.93,44,Harrisburg
1109,10.39,-71.44,88.93,100,2.91,61,Cabimas
1110,-25.55,-54.59,99.14,16,17.22,20,Foz do Iguacu
1111,33.2,-97.13,83.3,40,12.75,65,Denton
1112,34.23,135.17,72.46,23,12.75,73,Wakayama
1113,48.58,7.74,72.23,0,2.24,53,Strasbourg
1114,34.73,-86.57,86.32,1,9.17,51,Madison
1115,16.49,97.63,78.57,100,3.85,90,Mawlamyine
1116,7.77,-72.22,89.6,40,12.75,46,San Cristobal
1117,47.17,-1.58,76.84,0,4.7,36,Nantes
1118,40.29,69.63,69.8,0,6.71,40,Khujand
1119,32.44,105.82,59.4,99,1.97,99,Guangyuan
1120,32.7,51.52,71.6,0,4.7,21,Khomeyni Shahr
1121,9.3,13.4,84.2,20,4.7,74,Garoua
1122,-2.51,28.86,68.65,71,2.28,56,Bukavu
1123,32.74,129.87,71.33,100,6.24,78,Nagasaki
1124,36.03,129.37,68.0,75,1.12,82,Pohang
1125,54.71,20.51,59.0,100,6.71,87,Kaliningrad
1126,-10.98,26.73,65.8,0,1.9,35,Likasi
1127,39.53,-119.81,76.78,1,3.36,13,Reno
1128,17.99,-76.96,87.91,40,17.22,70,Spanish Town
1129,27.29,-80.35,84.29,40,11.41,70,Port St. Lucie
1130,-33.3,-66.34,65.41,0,17.87,25,San Luis
1131,12.99,7.6,83.41,63,8.84,58,Katsina
1132,-27.99,26.71,65.37,0,8.61,27,Welkom
1133,11.24,-74.2,91.4,40,4.7,66,Santa Marta
1134,17.98,-92.92,87.8,40,9.17,66,Villahermosa
1135,53.29,34.38,59.14,100,8.1,90,Bryansk
1136,50.72,-1.88,62.91,0,5.82,77,Bournemouth
1137,-3.8,102.27,75.36,81,5.19,90,Bengkulu
1138,-26.5,28.36,59.0,0,4.07,55,Heidelberg
1139,42.67,-83.4,71.53,75,16.11,56,Oakland
1140,15.83,78.04,74.46,100,16.04,87,Kurnool
1141,23.67,116.64,78.8,40,4.47,88,Chaozhou
1142,13.76,121.06,80.01,43,4.54,93,Batangas
1143,24.78,85.0,80.6,75,4.9,94,Gaya
1144,4.44,-75.23,86.0,40,11.41,55,Ibague
1145,56.99,40.99,52.68,100,9.64,90,Ivanovo
1146,40.0,41.5,60.8,40,4.7,38,Erzurum
1147,7.25,5.19,71.76,94,2.75,97,Akure
1148,27.18,31.18,87.8,0,12.75,35,Asyut
1149,-10.71,25.47,67.62,0,3.62,33,Kolwezi
1150,27.71,68.86,91.4,40,6.82,63,Sukkur
1151,33.57,114.04,69.03,81,1.1,83,Luohe
1152,-7.23,-35.88,84.2,40,17.22,42,Campina Grande
1153,43.43,-80.51,71.24,75,18.34,68,Kitchener
1154,36.1,-80.24,82.44,20,6.93,61,Winston-Salem
1155,54.58,-1.23,64.89,20,20.8,68,Middlesbrough
1156,24.3,116.11,75.49,86,0.78,92,Meizhou
1157,38.25,48.29,60.84,0,0.07,71,Ardabil
1158,53.42,59.05,42.8,40,8.95,81,Magnitogorsk
1159,35.42,136.76,71.01,0,5.73,80,Gifu
1160,-12.07,-75.23,61.97,82,8.1,42,Huancayo
1161,12.25,109.18,82.4,20,3.36,83,Nha Trang
1162,9.75,-63.18,87.98,81,2.51,72,Maturin
1163,40.61,115.04,61.66,84,1.72,85,Zhangjiakou Shi Xuanhua Qu
1164,51.73,36.19,65.57,100,6.71,32,Kursk
1165,34.67,-2.08,77.0,40,11.41,61,Oujda-Angad
1166,49.12,6.17,70.97,4,8.05,40,Metz
1167,13.33,44.09,75.43,100,4.81,59,Al `Ayn
1168,33.51,126.52,71.6,75,8.05,94,Jeju
1169,7.77,4.57,71.49,73,1.95,94,Osogbo
1170,33.72,-116.22,97.84,0,5.19,12,Indio
1171,-19.47,-42.54,84.7,0,5.44,34,Ipatinga
1172,53.43,14.55,63.12,27,6.76,65,Szczecin
1173,36.03,-78.87,82.98,75,5.82,65,Durham
1174,37.09,15.28,71.24,40,5.82,88,Syracuse
1175,35.05,-85.31,84.07,75,5.82,48,Chattanooga
1176,38.0,-1.5,79.84,87,9.17,54,Murcia
1177,30.79,31.0,72.3,0,7.34,90,Tanta
1178,-12.8,28.25,73.44,48,6.33,29,Kitwe
1179,40.25,-76.25,76.59,29,3.0,67,Lancaster
1180,-6.16,39.2,78.8,20,8.05,83,Zanzibar
1181,-23.03,-45.56,93.2,0,5.82,15,Taubate
1182,47.62,-117.37,57.7,90,4.36,62,Spokane
1183,1.08,34.17,68.67,87,5.26,72,Mbale
1184,29.59,-81.21,81.64,96,6.93,83,Palm Coast
1185,15.45,36.4,89.29,20,9.73,48,Kassala
1186,56.86,35.89,48.69,0,8.46,87,Tver'
1187,27.62,75.15,83.95,0,5.95,41,Sikar
1188,30.02,114.43,68.07,100,3.96,93,Jiangjiafan
1189,61.25,73.42,51.8,34,6.71,100,Surgut
1190,13.34,77.1,69.8,75,10.29,100,Tumkur
1191,25.57,-103.5,74.95,90,11.41,57,Gomez Palacio
1192,26.33,43.98,91.4,0,4.7,18,Buraydah
1193,51.43,5.47,66.27,75,1.12,68,Eindhoven
1194,18.79,98.98,77.68,20,1.12,88,Chiang Mai
1195,-5.2,-80.63,84.65,0,15.97,39,Piura
1196,48.35,38.05,63.59,0,3.65,29,Horlivka
1197,32.74,-97.11,84.24,40,10.29,58,Arlington
1198,-12.96,28.64,72.39,100,4.97,31,Ndola
1199,24.36,102.54,64.67,100,1.32,88,Yuxi
1200,26.34,-81.78,75.83,100,13.2,98,Bonita Springs
1201,41.7,-73.92,75.94,75,9.17,60,Poughkeepsie
1202,-0.1,34.76,71.6,40,3.36,68,Kisumu
1203,37.96,-121.29,75.2,90,5.82,50,Stockton
1204,8.88,76.6,78.8,75,2.24,94,Quilon
1205,13.18,30.22,84.34,24,7.02,52,El Obeid
1206,12.05,24.88,75.67,80,2.04,72,Nyala
1207,5.84,118.12,77.0,20,2.24,94,Sandakan
1208,19.08,74.73,72.59,100,9.06,84,Ahmadnagar
1209,40.52,72.81,59.0,0,4.47,62,Osh
1210,53.0,-2.19,64.31,0,8.21,87,Stoke-on-Trent
1211,25.35,74.63,79.83,0,6.11,56,Bhilwara
1212,34.2,-119.18,71.24,1,5.82,77,Oxnard
1213,23.46,91.2,76.33,100,4.5,92,Comilla
1214,48.37,10.88,62.92,47,3.36,87,Augusta
1215,41.41,-75.66,72.64,90,9.17,57,Scranton
1216,13.6,100.6,83.17,40,6.93,88,Samut Prakan
1217,45.08,5.83,69.19,0,3.36,57,Grenoble
1218,-15.12,39.27,77.0,0,10.29,61,Nampula
1219,18.67,78.12,75.52,100,6.51,90,Nizamabad
1220,37.25,-3.25,76.32,100,6.26,37,Granada
1221,49.2,16.61,67.91,0,5.82,68,Brno
1222,52.41,-1.51,66.04,0,4.7,72,Coventry
1223,10.02,-84.22,77.67,100,10.29,74,Alajuela
1224,10.7,122.56,78.19,91,7.16,89,Iloilo
1225,-21.75,-41.3,82.4,0,23.04,54,Campos
1226,-27.46,-58.98,82.81,24,11.41,51,Resistencia
1227,45.62,122.82,57.99,99,1.01,86,Baicheng
1228,38.87,65.8,66.2,0,6.93,37,Qarshi
1229,32.38,15.09,80.38,1,13.04,74,Misratah
1230,43.61,-116.2,71.92,20,5.82,25,Boise
1231,36.76,5.08,77.0,20,4.7,78,Bejaia
1232,50.9,-1.4,62.64,0,2.24,68,Southampton
1233,20.52,-100.82,70.0,100,5.99,65,Celaya
1234,1.21,-77.28,75.2,75,8.05,41,Pasto
1235,37.64,-121.0,76.82,90,4.7,39,Modesto
1236,-29.17,-51.18,87.01,29,2.95,23,Caxias do Sul
1237,57.92,59.97,47.71,93,6.11,85,Nizhniy Tagil
1238,27.9,102.26,64.35,100,1.39,80,Xichang
1239,37.45,116.29,65.77,100,5.55,85,Dezhou
1240,42.23,-8.72,77.0,100,3.36,44,Vigo
1241,28.1,-15.41,75.7,20,8.05,83,Las Palmas de Gran Canaria
1242,19.27,76.78,75.74,100,10.29,89,Parbhani
1243,49.0,8.39,76.62,4,3.22,54,Karlsruhe
1244,33.63,114.63,69.39,95,1.77,83,Zhoukou
1245,48.05,37.93,67.98,0,4.41,26,Makiyivka
1246,25.44,119.01,76.14,99,5.1,77,Putian
1247,38.0,37.0,82.4,0,14.99,58,Kahramanmaras
1248,5.07,-75.52,73.2,75,8.05,72,Manizales
1249,39.57,2.65,79.47,0,5.82,65,Palma
1250,-36.99,174.88,55.71,48,14.99,66,Manukau City
1251,25.57,91.88,84.2,75,3.04,100,Shillong
1252,33.49,48.36,71.44,0,6.13,22,Khorramabad
1253,4.14,-73.63,87.8,20,4.7,48,Villavicencio
1254,-20.82,-49.38,97.27,0,10.09,14,Sao Jose do Rio Preto
1255,54.9,23.9,55.4,99,6.93,82,Kaunas
1256,18.4,76.58,74.08,100,13.98,90,Latur
1257,28.3,-81.42,84.56,75,8.05,83,Kissimmee
1258,41.1,-80.65,75.61,75,9.17,69,Youngstown
1259,38.42,77.24,61.29,100,4.09,32,Shache
1260,2.73,101.94,80.29,20,2.24,88,Seremban
1261,37.84,29.07,69.8,1,5.82,56,Denizli
1262,38.49,43.38,64.4,0,1.12,48,Van
1263,43.37,-8.4,74.64,100,1.12,44,A Coruna
1264,41.5,24.95,80.98,81,12.75,31,Madan
1265,28.96,118.87,66.96,86,1.9,90,Quzhou
1266,9.45,77.57,79.83,100,7.23,63,Rajapalaiyam
1267,51.46,-0.97,66.9,0,10.29,72,Reading
1268,17.49,44.13,86.0,0,3.36,16,Najran
1269,53.91,30.34,53.49,95,8.3,80,Mahilyow
1270,26.52,50.02,89.6,0,4.7,49,Al Qatif
1271,23.22,-106.42,89.11,20,3.36,74,Mazatlan
1272,25.11,117.02,73.42,94,1.12,89,Longyan
1273,39.73,-104.83,80.55,20,5.82,15,Aurora
1274,53.12,18.01,59.88,64,3.36,77,Bydgoszcz
1275,3.81,103.33,75.09,20,2.24,94,Kuantan
1276,0.54,123.06,74.64,84,4.54,87,Gorontalo
1277,-0.28,36.07,59.85,20,7.92,69,Nakuru
1278,43.04,44.67,66.11,0,8.95,82,Vladikavkaz
1279,27.56,68.21,91.4,40,7.27,63,Larkana
1280,-43.53,172.63,41.0,100,3.36,86,Christchurch
1281,18.24,109.5,78.8,20,4.47,94,Sanya
1282,25.25,87.0,81.95,100,6.46,81,Bhagalpur
1283,31.71,73.98,84.2,0,4.65,66,Shekhupura
1284,-13.52,-71.98,66.2,75,4.7,25,Cusco
1285,9.4,-0.84,74.61,47,3.29,89,Tamale
1286,51.83,107.61,41.0,90,5.55,93,Ulan-Ude
1287,11.18,-4.3,82.4,20,4.7,74,Bobo-Dioulasso
1288,51.0,23.0,60.91,100,3.36,93,Lublin
1289,44.65,-63.57,65.88,87,7.0,73,Halifax
1290,48.37,10.88,62.92,47,3.36,87,Augsburg
1291,5.65,100.49,78.4,20,3.36,88,Sungai Petani
1292,31.99,44.93,97.56,0,13.89,10,Ad Diwaniyah
1293,42.9,71.37,55.4,0,4.47,47,Taraz
1294,43.12,5.93,77.02,0,1.12,61,Toulon
1295,36.67,48.48,60.93,0,6.85,67,Zanjan
1296,43.31,-1.98,79.47,0,3.36,74,Donostia
1297,37.05,140.88,65.82,63,6.04,93,Iwaki
1298,-27.33,-55.9,91.76,2,17.22,24,Encarnacion
1299,-27.37,-55.9,91.36,2,3.36,45,Posadas
1300,45.18,124.82,53.33,0,3.06,92,Fuyu
1301,9.18,105.15,78.1,100,6.31,88,Ca Mau
1302,43.77,142.37,53.46,100,1.66,63,Asahikawa
1303,25.53,69.02,89.17,26,10.45,56,Mirpur Khas
1304,39.62,122.01,61.54,0,4.23,93,Wafangdian
1305,-3.7,128.18,78.12,100,12.21,81,Ambon
1306,18.85,-97.1,74.64,87,4.56,73,Orizaba
1307,34.99,104.55,51.76,62,1.05,85,Hongzhai
1308,-27.8,-64.26,82.06,56,12.66,40,Santiago del Estero
1309,36.34,140.45,69.8,75,4.7,94,Mito
1310,32.17,-8.83,72.01,100,8.3,70,Safi
1311,0.52,35.27,59.0,40,3.36,77,Eldoret
1312,28.42,70.3,94.73,79,8.81,30,Rahimyar Khan
1313,2.93,-75.28,86.0,90,6.93,48,Neiva
1314,33.84,-117.91,76.01,1,7.0,60,Anaheim
1315,49.23,28.48,67.53,100,7.34,68,Vinnytsya
1316,23.78,121.39,64.72,99,0.49,100,Hualien
1317,5.33,103.14,80.31,40,12.06,83,Kuala Terengganu
1318,10.38,105.42,77.0,40,2.24,100,Long Xuyen
1319,21.3,105.43,80.6,75,3.36,88,Viet Tri
1320,52.37,4.63,63.23,100,8.05,77,Haarlem
1321,12.67,108.05,69.91,100,2.66,98,Buon Ma Thuot
1322,-9.09,-78.58,65.39,36,12.59,72,Chimbote
1323,29.47,77.68,81.0,0,1.72,67,Muzaffarnagar
1324,27.48,-99.52,90.46,40,6.93,52,Nuevo Laredo
1325,40.25,-76.25,76.59,29,3.0,67,Lancaster
1326,35.31,46.99,67.96,0,5.41,30,Sanandaj
1327,48.31,14.29,67.78,100,1.12,68,Linz
1328,21.38,-77.92,89.6,40,10.29,55,Camaguey
1329,45.42,11.03,77.95,0,4.7,61,Verona
1330,34.54,-117.29,87.8,0,4.0,18,Victorville
1331,51.51,-0.13,68.76,0,8.05,60,London
1332,20.97,-89.62,94.64,75,9.17,49,Merida
1333,50.41,4.45,66.72,3,2.24,60,Charleroi
1334,50.61,36.58,66.2,90,6.71,29,Belgorod
1335,13.16,32.66,82.15,66,13.56,65,Kusti
1336,36.11,37.11,72.52,0,9.66,61,Al `Amarah
1337,36.39,139.06,69.55,91,0.29,97,Maebashi
1338,30.42,-87.22,89.33,75,10.29,59,Pensacola
1339,55.45,65.33,48.63,5,5.75,93,Kurgan
1340,33.58,71.45,84.2,20,4.7,70,Kohat
1341,55.19,30.2,52.11,91,8.88,82,Vitsyebsk
1342,-22.73,-47.65,94.73,0,8.05,17,Piracicaba
1343,34.75,127.66,68.45,55,0.45,83,Yeosu
1344,35.05,-78.88,82.53,20,8.05,65,Fayetteville
1345,-31.54,-68.54,70.14,0,16.96,21,San Juan
1346,27.8,-97.4,90.57,40,13.87,55,Corpus Christi
1347,31.31,72.33,87.89,0,3.83,26,Jhang City
1348,2.96,99.07,71.37,60,2.51,87,Pematangsiantar
1349,-3.37,36.68,71.6,41,14.99,49,Arusha
1350,-27.48,-58.83,81.77,18,11.41,54,Corrientes
1351,42.15,24.75,77.95,98,12.75,31,Plovdiv
1352,-18.01,31.08,58.62,29,7.54,72,Chitungwiza
1353,41.12,80.26,72.18,87,10.42,29,Aksu
1354,34.93,116.47,67.21,100,3.98,92,Yucheng
1355,42.29,123.84,57.0,2,1.66,41,Tieling
1356,20.68,-101.35,73.4,75,6.82,56,Irapuato
1357,54.5,35.5,60.8,100,11.18,82,Kaluga
1358,-33.02,27.91,60.8,75,16.11,67,East London
1359,42.42,-122.83,55.4,90,3.4,62,Jackson
1360,37.97,126.55,63.12,0,1.12,100,Kaesong
1361,8.12,-63.55,92.68,51,7.29,51,Ciudad Bolivar
1362,35.91,139.49,70.36,90,4.7,100,Kawagoe
1363,27.69,85.48,71.6,40,2.24,94,Jitpur
1364,10.93,108.1,77.23,81,4.36,86,Phan Thiet
1365,6.12,100.36,78.4,20,1.99,94,Alor Setar
1366,28.47,-16.25,71.02,75,6.93,83,Santa Cruz de Tenerife
1367,43.54,-5.66,76.26,56,3.36,65,Gijon
1368,36.07,-79.79,80.62,40,5.82,61,Greensboro
1369,9.94,76.26,77.0,75,4.7,100,Kochi
1370,43.01,-83.69,69.89,90,13.87,60,Flint
1371,40.73,-73.21,74.34,75,13.87,73,Islip
1372,-22.31,-49.06,93.99,0,4.0,16,Bauru
1373,14.97,102.1,77.67,97,2.64,85,Nakhon Ratchasima
1374,52.97,36.08,62.62,100,14.03,74,Orel
1375,34.34,134.04,67.33,20,9.17,73,Takamatsu
1376,33.75,-117.87,74.55,90,4.7,68,Santa Ana
1377,26.12,85.4,78.8,40,4.7,88,Muzaffarpur
1378,0.5,29.47,63.57,0,1.68,100,Beni
1379,36.7,137.21,67.8,51,1.01,88,Toyama
1380,39.25,117.79,69.85,70,4.47,83,Hangu
1381,14.4,33.52,89.26,2,9.71,50,Wad Medani
1382,-16.73,-43.86,87.94,0,11.97,21,Montes Claros
1383,52.03,8.53,61.86,100,1.34,82,Bielefeld
1384,23.73,114.68,75.69,30,2.55,90,Heyuan
1385,27.5,77.68,86.0,75,2.24,79,Mathura
1386,24.75,90.4,78.13,100,6.24,94,Mymensingh
1387,41.94,126.43,47.93,0,1.68,86,Baishan
1388,30.33,76.4,86.0,20,3.36,100,Patiala
1389,39.15,127.44,62.26,5,6.11,83,Wonsan
1390,52.3,76.95,50.0,100,4.47,43,Pavlodar
1391,41.13,-85.13,74.34,40,8.05,60,Fort Wayne
1392,-23.43,-51.94,95.0,77,11.41,23,Maringa
1393,23.83,78.72,78.78,100,3.53,77,Saugor
1394,43.6,39.73,73.9,0,6.71,78,Sochi
1395,43.61,3.88,73.4,0,3.09,78,Montpellier
1396,-26.91,-48.66,75.2,0,14.99,73,Itajai
1397,35.83,10.64,76.41,75,10.29,78,Sousse
1398,42.28,-83.74,73.36,75,13.87,53,Ann Arbor
1399,47.17,27.6,74.39,0,6.93,38,Iasi
1400,19.32,84.78,81.05,98,4.43,88,Brahmapur
1401,32.87,59.22,68.0,0,11.41,16,Birjand
1402,35.05,-78.88,82.53,20,8.05,65,Fayetteville
1403,56.64,47.89,59.0,40,13.42,47,Yoshkar-Ola
1404,31.91,131.42,69.01,98,3.0,94,Miyazaki
1405,48.79,44.78,57.11,0,6.71,44,Volzhskiy
1406,25.8,113.03,70.03,100,1.79,87,Chenzhou
1407,41.58,-4.67,84.45,100,6.93,26,Valladolid
1408,14.31,121.11,82.71,20,2.24,83,Santa Rosa
1409,32.51,45.82,99.46,0,10.07,9,Al Kut
1410,-31.41,-64.18,71.58,0,20.8,18,Cordoba
1411,55.0,33.0,52.9,99,8.05,78,Smolensk
1412,42.73,-84.56,69.96,90,14.99,56,Lansing
1413,-25.52,-54.62,99.19,16,17.22,20,Ciudad del Este
1414,-31.77,-52.34,64.18,90,11.41,100,Pelotas
1415,46.66,32.62,68.88,0,8.95,35,Kherson
1416,-23.26,-47.3,91.15,0,8.05,17,Itu
1417,13.13,123.73,78.06,96,3.44,86,Legazpi City
1418,39.72,140.12,68.2,100,15.28,89,Akita
1419,10.59,14.32,74.84,100,3.13,81,Maroua
1420,-16.33,-48.95,84.2,0,10.29,17,Anapolis
1421,20.12,-98.73,65.91,100,8.55,63,Pachuca
1422,39.77,64.43,71.6,0,9.17,28,Bukhara
1423,68.0,34.0,44.76,100,6.11,92,Murmansk
1424,42.3,-83.02,76.12,40,13.87,60,Windsor
1425,20.89,-76.26,91.4,75,6.93,49,Holguin
1426,49.96,82.61,48.2,0,4.47,61,Oskemen
1427,21.5,-104.9,84.2,40,4.25,54,Tepic
1428,56.14,40.4,54.41,100,9.46,86,Vladimir
1429,30.78,-88.2,88.23,75,14.99,58,Mobile
1430,7.01,100.48,77.0,20,3.36,100,Hat Yai
1431,49.59,34.54,62.92,39,4.56,33,Poltava
1432,10.46,-64.18,84.87,6,4.76,70,Cumana
1433,53.69,23.83,54.1,68,6.42,83,Hrodna
1434,28.9,76.57,86.0,40,2.71,79,Rohtak
1435,29.31,30.84,84.25,0,18.28,44,Al Fayyum
1436,46.77,23.6,69.42,12,5.82,60,Cluj-Napoca
1437,10.5,10.0,73.31,100,2.33,85,Bauchi
1438,37.99,-84.48,74.43,75,5.3,88,Lexington
